tool,kind,raw,normalized,occurrences,workflows
"cargo-dist","cli-flag","--output-format","--output-format","176","62"
"cargo-dist","cli-flag","--artifacts","--artifacts","57","56"
"cargo-dist","cli-flag","--print","--print","52","51"
"cargo-dist","cli-flag","--steps","--steps","102","51"
"cargo-dist","cli-flag","--tag","--tag","20","10"
"cargo-dist","cli-flag","--no-local-paths","--no-local-paths","6","6"
"cargo-dist","cli-flag","--allow-dirty","--allow-dirty","3","1"
"cargo-dist","cli-flag","--target","--target","1","1"
"changesets","action-input","publish","publish","70","69"
"changesets","action-input","title","title","43","43"
"changesets","action-input","commit","commit","40","40"
"changesets","action-input","version","version","39","38"
"changesets","action-input","createGithubReleases","createGithubReleases","11","11"
"changesets","action-input","cwd","cwd","5","5"
"changesets","action-input","setupGitUser","setupGitUser","4","4"
"changesets","action-input","branch","branch","2","1"
"changesets","action-input","commitMode","commitMode","1","1"
"changesets","action-input","github-token","github-token","1","1"
"changesets","action-input","pack-dir-artifact-id","pack-dir-artifact-id","1","1"
"changesets","action-input","publish-plan-artifact-id","publish-plan-artifact-id","1","1"
"changesets","action-input","script","script","1","1"
"changesets","cli-flag","--snapshot","--snapshot","5","5"
"changesets","cli-flag","--since","--since","4","4"
"changesets","cli-flag","--tag","--tag","5","4"
"changesets","cli-flag","--no-git-tag","--no-git-tag","3","2"
"changesets","cli-flag","--bun","--bun","1","1"
"changesets","cli-flag","--output","--output","1","1"
"changesets","cli-flag","--pre","--pre","1","1"
"goreleaser","action-input","args","args","108","100"
"goreleaser","action-input","version","version","102","95"
"goreleaser","action-input","distribution","distribution","48","43"
"goreleaser","action-input","workdir","workdir","9","6"
"goreleaser","action-input","install-only","install-only","2","2"
"goreleaser","cli-flag","--clean","--clean","83","77"
"goreleaser","cli-flag","--snapshot","--snapshot","19","19"
"goreleaser","cli-flag","--rm-dist","--rm-dist","16","16"
"goreleaser","cli-flag","--skip","--skip","24","16"
"goreleaser","cli-flag","--config","--config","9","7"
"goreleaser","cli-flag","--release-notes","--release-notes","6","6"
"goreleaser","cli-flag","--timeout","--timeout","8","6"
"goreleaser","cli-flag","--parallelism","--parallelism","3","3"
"goreleaser","cli-flag","--skip-publish","--skip-publish","3","3"
"goreleaser","cli-flag","--single-target","--single-target","2","2"
"goreleaser","cli-flag","--fail-fast","--fail-fast","1","1"
"goreleaser","cli-flag","--merge","--merge","1","1"
"goreleaser","cli-flag","--release-header-tmpl","--release-header-tmpl","2","1"
"goreleaser","cli-flag","--split","--split","2","1"
"goreleaser","cli-flag","--verbose","--verbose","1","1"
"jreleaser","action-input","arguments","arguments","12","9"
"jreleaser","action-input","version","version","9","6"
"jreleaser","action-input","setup-java","setup-java","3","2"
"jreleaser","cli-flag","--file","--file","8","8"
"jreleaser","cli-flag","--no-daemon","--no-daemon","8","5"
"jreleaser","cli-flag","--stacktrace","--stacktrace","4","4"
"jreleaser","cli-flag","--no-configuration-cache","--no-configuration-cache","3","3"
"jreleaser","cli-flag","--no-transfer-progress","--no-transfer-progress","3","3"
"jreleaser","cli-flag","--build-cache","--build-cache","3","2"
"jreleaser","cli-flag","--scan","--scan","2","2"
"jreleaser","cli-flag","--announcer","--announcer","1","1"
"jreleaser","cli-flag","--announcer-name","--announcer-name","1","1"
"jreleaser","cli-flag","--assembler-name","--assembler-name","2","1"
"jreleaser","cli-flag","--assembler-type","--assembler-type","2","1"
"jreleaser","cli-flag","--auto-config","--auto-config","1","1"
"jreleaser","cli-flag","--basedir","--basedir","1","1"
"jreleaser","cli-flag","--batch-mode","--batch-mode","1","1"
"jreleaser","cli-flag","--config-file","--config-file","1","1"
"jreleaser","cli-flag","--distribution","--distribution","1","1"
"jreleaser","cli-flag","--distribution-name","--distribution-name","1","1"
"jreleaser","cli-flag","--dry-run","--dry-run","8","1"
"jreleaser","cli-flag","--format","--format","6","1"
"jreleaser","cli-flag","--no-parallel","--no-parallel","1","1"
"jreleaser","cli-flag","--overwrite","--overwrite","6","1"
"jreleaser","cli-flag","--packager","--packager","1","1"
"jreleaser","cli-flag","--packager-name","--packager-name","1","1"
"jreleaser","cli-flag","--select-current-platform","--select-current-platform","18","1"
"release-it","action-input","githubToken","githubToken","3","3"
"release-it","action-input","mode","mode","3","3"
"release-it","action-input","npmToken","npmToken","3","3"
"release-it","action-input","ref","ref","3","3"
"release-it","cli-flag","--ci","--ci","29","22"
"release-it","cli-flag","--config","--config","9","5"
"release-it","cli-flag","--increment","--increment","3","3"
"release-it","cli-flag","--release-version","--release-version","3","3"
"release-it","cli-flag","--git","--git","2","2"
"release-it","cli-flag","--no-git","--no-git","4","2"
"release-it","cli-flag","--preRelease","--preRelease","2","2"
"release-it","cli-flag","--verbose","--verbose","2","2"
"release-it","cli-flag","--dry-run","--dry-run","1","1"
"release-it","cli-flag","--no-github","--no-github","1","1"
"release-it","cli-flag","--no-increment","--no-increment","1","1"
"release-it","cli-flag","--no-npm","--no-npm","2","1"
"release-it","cli-flag","--npm","--npm","1","1"
"release-please","action-input","token","token","27","27"
"release-please","action-input","config-file","config-file","20","20"
"release-please","action-input","manifest-file","manifest-file","18","18"
"release-please","action-input","release-type","release-type","13","13"
"release-please","action-input","target-branch","target-branch","8","8"
"release-please","action-input","package-name","package-name","3","3"
"release-please","action-input","command","command","1","1"
"release-plz","action-input","command","command","74","41"
"release-plz","action-input","config","config","4","2"
"semantic-release","action-input","extra_plugins","extra_plugins","19","15"
"semantic-release","action-input","semantic_version","semantic_version","11","9"
"semantic-release","action-input","dry_run","dry_run","9","6"
"semantic-release","action-input","branch","branch","4","4"
"semantic-release","action-input","branches","branches","5","3"
"semantic-release","action-input","working_directory","working_directory","5","3"
"semantic-release","action-input","changelog-file","changelog-file","1","1"
"semantic-release","action-input","dry","dry","1","1"
"semantic-release","action-input","extends","extends","1","1"
"semantic-release","action-input","github-token","github-token","2","1"
"semantic-release","action-input","hooks","hooks","1","1"
"semantic-release","action-input","tag_format","tag_format","1","1"
"semantic-release","action-input","update-file","update-file","1","1"
"semantic-release","cli-flag","--dry-run","--dry-run","6","6"
"semantic-release","cli-flag","--branches","--branches","4","4"
"semantic-release","cli-flag","--dryRun","--dryRun","3","3"
"semantic-release","cli-flag","--repository-url","--repository-url","3","2"
"semantic-release","cli-flag","--get","--get","1","1"
"semantic-release","cli-flag","--no-ci","--no-ci","1","1"
"semantic-release","cli-flag","--no-commit","--no-commit","1","1"
"semantic-release","cli-flag","--no-push","--no-push","1","1"
"semantic-release","cli-flag","--no-tag","--no-tag","1","1"
"semantic-release","cli-flag","--no-vcs-release","--no-vcs-release","1","1"
